{
  "main": {
    "id": "81abbdd609e613f1",
    "type": "split",
    "children": [
      {
        "id": "9de7a3a33da75467",
        "type": "tabs",
        "children": [
          {
            "id": "7c64a29831fa3709",
            "type": "leaf",
            "state": {
              "type": "markdown",
              "state": {
                "file": "Main/Force.md",
                "mode": "source",
                "source": false
              }
            }
          }
        ]
      }
    ],
    "direction": "vertical"
  },
  "left": {
    "id": "63187cf09b045b53",
    "type": "split",
    "children": [
      {
        "id": "3553daa777b7944f",
        "type": "tabs",
        "children": [
          {
            "id": "a0d01029062d8b69",
            "type": "leaf",
            "state": {
              "type": "file-explorer",
              "state": {
                "sortOrder": "alphabetical"
              }
            }
          },
          {
            "id": "0af3a95cbfeddb17",
            "type": "leaf",
            "state": {
              "type": "search",
              "state": {
                "query": "",
                "matchingCase": false,
                "explainSearch": false,
                "collapseAll": false,
                "extraContext": false,
                "sortOrder": "alphabetical"
              }
            }
          },
          {
            "id": "30b83164ead5c16a",
            "type": "leaf",
            "state": {
              "type": "bookmarks",
              "state": {}
            }
          }
        ]
      }
    ],
    "direction": "horizontal",
    "width": 300
  },
  "right": {
    "id": "618e17f98adf29a7",
    "type": "split",
    "children": [
      {
        "id": "f45d026ccae17396",
        "type": "tabs",
        "children": [
          {
            "id": "c860fca24d5bdadc",
            "type": "leaf",
            "state": {
              "type": "backlink",
              "state": {
                "file": "Main/Force.md",
                "collapseAll": false,
                "extraContext": false,
                "sortOrder": "alphabetical",
                "showSearch": false,
                "searchQuery": "",
                "backlinkCollapsed": false,
                "unlinkedCollapsed": true
              }
            }
          },
          {
            "id": "a2842c2e4b3a2290",
            "type": "leaf",
            "state": {
              "type": "outgoing-link",
              "state": {
                "file": "Main/Force.md",
                "linksCollapsed": false,
                "unlinkedCollapsed": true
              }
            }
          },
          {
            "id": "b9326371b2f6667b",
            "type": "leaf",
            "state": {
              "type": "tag",
              "state": {
                "sortOrder": "frequency",
                "useHierarchy": true
              }
            }
          },
          {
            "id": "5a74a7c0a87978d4",
            "type": "leaf",
            "state": {
              "type": "outline",
              "state": {
                "file": "Main/Force.md"
              }
            }
          }
        ]
      }
    ],
    "direction": "horizontal",
    "width": 300,
    "collapsed": true
  },
  "left-ribbon": {
    "hiddenItems": {
      "switcher:Меню быстрого перехода": false,
      "graph:Граф": false,
      "canvas:Создать новый холст": false,
      "daily-notes:Сегодняшняя заметка": false,
      "templates:Вставить шаблон": false,
      "command-palette:Открыть палитру команд": false
    }
  },
  "active": "7c64a29831fa3709",
  "lastOpenFiles": [
    "Main/Без названия.canvas",
    "Main/Force.md",
    "Без названия.md",
    "Main"
  ]
}